Produk,Tipe,Harga,Rating,Review
SUPIMA® Cotton T-Shirt,UNISEX,19.9,4.6,899.0
SUPIMA® Cotton T-Shirt,UNISEX,9.9,4.6,899.0
AIRism Cotton Oversized T-Shirt | Half-Sleeve,UNISEX,19.9,4.8,999.0
AIRism Cotton T-Shirt | Long Sleeve,UNISEX,24.9,4.8,428.0
AIRism Cotton T-Shirt | Long Sleeve,UNISEX,14.9,4.8,428.0
Crew Neck T-Shirt,MEN,19.9,4.5,999.0
Crew Neck Sweater | Short Sleeve,MEN,9.9,4.6,30.0
AIRism Cotton T-Shirt | Sleeveless,MEN,19.9,4.8,270.0
AIRism Cotton T-Shirt | Sleeveless,MEN,9.9,4.8,270.0
AIRism Cotton T-Shirt,MEN,14.9,4.6,109.0
DRY-EX T-Shirt | Printed,MEN,24.9,5.0,3.0
DRY-EX T-Shirt,MEN,24.9,4.7,115.0
DRY-EX T-Shirt | Printed,UNISEX,24.9,4.9,19.0
DRY-EX T-Shirt,MEN,14.9,4.7,115.0
DRY Color Ribbed Tank Top,MEN,7.9,4.7,197.0
DRY Waffle Henley T-Shirt,MEN,9.9,4.9,28.0
DRY Color T-Shirt,UNISEX,7.9,4.6,313.0
DRY Color Ribbed Tank Top,MEN,7.9,4.6,151.0
Soft Brushed T-Shirt | Long Sleeve,MEN,29.9,4.5,177.0
Waffle T-Shirt | Long Sleeve,UNISEX,14.9,4.7,221.0
Waffle T-Shirt | Long Sleeve,UNISEX,29.9,4.7,221.0
Waffle T-Shirt | Long Sleeve,MEN,29.9,4.8,16.0
Soft Knitted Fleece T-Shirt,MEN,29.9,5.0,1.0
HEATTECH T-Shirt,MEN,19.9,4.7,114.0
HEATTECH Ultra Warm T-Shirt,MEN,29.9,4.8,315.0
HEATTECH Cotton T-Shirt | Extra Warm,MEN,24.9,4.6,122.0
HEATTECH T-Shirt | V Neck | Short Sleeve,MEN,19.9,4.7,4.0
Sweat Oversized Pullover Hoodie,UNISEX,49.9,4.8,276.0
Sweat Pullover Hoodie,UNISEX,49.9,4.6,56.0
Washable 3D Knit Hoodie,MEN,39.9,4.5,6.0
Sweat Full-Zip Hoodie,UNISEX,49.9,4.8,101.0
DRY-EX UV Protection Full-Zip Hoodie | Printed,MEN,39.9,4.7,28.0
Half-Zip Sweatshirt,MEN,49.9,4.8,11.0
DRY-EX UV Protection Full-Zip Hoodie,MEN,39.9,4.8,129.0
Sweatshirt,UNISEX,39.9,4.7,88.0
Oversized Sweatshirt,UNISEX,49.9,5.0,3.0
Sweatshirt,UNISEX,19.9,4.7,88.0
STUDIO GHIBLI Sweatshirt | My Neighbor Totoro,UNISEX,39.9,4.7,85.0
STUDIO GHIBLI Sweatshirt | Spirited Away,UNISEX,39.9,4.9,41.0
STUDIO GHIBLI Sweatshirt | Princess Mononoke,UNISEX,39.9,4.9,121.0
STUDIO GHIBLI Sweatshirt | The Boy and the Heron,UNISEX,39.9,5.0,4.0
Pokémon Sweatshirt | Snorlax,MEN,39.9,5.0,2.0
Pokémon Sweatshirt | Mewtwo,MEN,39.9,5.0,1.0
Pokémon Sweatshirt | Unown,MEN,39.9,5.0,3.0
Pokémon UT Graphic T-Shirt | Gardevoir,MEN,24.9,2.0,1.0
Pokémon UT Graphic T-Shirt | Slowpoke,MEN,24.9,,
Pokémon UT Graphic T-Shirt | Pikachu,MEN,24.9,,
Pokémon UT Graphic T-Shirt | Magikarp,MEN,24.9,5.0,1.0
Pokémon UT Graphic T-Shirt | Omanyte,MEN,24.9,,
STUDIO GHIBLI UT Graphic T-Shirt | My Neighbor Totoro,UNISEX,24.9,4.8,15.0
STUDIO GHIBLI UT Graphic T-Shirt | Howl’s Moving Castle,UNISEX,24.9,4.9,57.0
STUDIO GHIBLI UT Graphic T-Shirt | Pom Poko,UNISEX,24.9,4.8,25.0
STUDIO GHIBLI UT Graphic T-Shirt,UNISEX,24.9,4.9,24.0
STUDIO GHIBLI UT Graphic T-Shirt | The Boy and the Heron,UNISEX,24.9,5.0,7.0
STUDIO GHIBLI UT Graphic T-Shirt | The Tale of The Princess Kaguya,UNISEX,24.9,5.0,5.0
UV Protection Cap | Keith Haring,UNISEX,29.9,,
UTGP2025 x TATE MODERN UT Graphic T-Shirt,UNISEX,24.9,,
UTGP2025 x TATE MODERN UT Graphic T-Shirt,UNISEX,24.9,,
UTGP2025 x TATE MODERN UT Graphic T-Shirt,UNISEX,24.9,,
UTGP2025 x TATE MODERN UT Graphic T-Shirt,UNISEX,24.9,,
UTGP2025 x TATE MODERN UT Graphic T-Shirt,UNISEX,24.9,5.0,1.0
ONE PIECE UT Graphic T-Shirt | Kuma and Bonney,MEN,24.9,,
ONE PIECE UT Graphic T-Shirt | S-Clones,MEN,24.9,,
ONE PIECE UT Graphic T-Shirt | The New Four Emperors,MEN,24.9,,
ONE PIECE UT Graphic T-Shirt | Lucci and Zorro,MEN,24.9,,
TOY STORY UT Graphic T-Shirt,MEN,24.9,,
TOY STORY UT Graphic T-Shirt,MEN,24.9,,
TOY STORY UT Graphic T-Shirt,MEN,24.9,1.0,1.0
TOY STORY UT Graphic T-Shirt,MEN,24.9,,
UT ARCHIVE ONE PIECE UT Graphic T-Shirt,MEN,9.9,4.8,9.0
UT ARCHIVE ONE PIECE UT Graphic T-Shirt,MEN,9.9,5.0,7.0
UT ARCHIVE ONE PIECE UT Graphic T-Shirt,MEN,9.9,5.0,19.0
UT ARCHIVE ONE PIECE UT Graphic T-Shirt,MEN,9.9,5.0,12.0
UT ARCHIVE ONE PIECE UT Graphic T-Shirt,MEN,9.9,5.0,13.0
Disney in Blue UT Graphic T-Shirt,MEN,24.9,5.0,1.0
Disney in Blue UT Graphic T-Shirt,MEN,24.9,5.0,3.0
Disney in Blue UT Graphic T-Shirt,MEN,24.9,5.0,2.0
Disney in Blue UT Graphic T-Shirt,MEN,24.9,5.0,4.0
Disney in Blue Cotton Linen Shirt,MEN,19.9,4.8,10.0
Disney in Blue Lounge Shorts,MEN,9.9,5.0,6.0
MoMA Art Icons UT Graphic T-Shirt,UNISEX,9.9,4.6,15.0
MoMA Art ICONS UT Graphic T-Shirt,UNISEX,24.9,5.0,1.0
MoMA Art Icons UT Graphic T-Shirt,UNISEX,24.9,4.8,12.0
MoMA Art Icons UT Graphic T-Shirt,UNISEX,24.9,4.8,6.0
MoMA Art ICONS UT Graphic T-Shirt,UNISEX,24.9,,
MoMA Art Icons UT Graphic T-Shirt,UNISEX,24.9,,
MoMA Art ICONS UT Graphic T-Shirt,UNISEX,24.9,,
Disney's Mickey Faces UT Graphic T-Shirt,UNISEX,24.9,5.0,4.0
Disney's Mickey Face UT Graphic T-Shirt,UNISEX,24.9,,
Disney's Mickey Faces UT Graphic T-Shirt,MEN,24.9,,
Disney's Mickey Faces UT Graphic T-Shirt,UNISEX,24.9,4.7,4.0
Disney's Mickey Faces UT Graphic T-Shirt,UNISEX,24.9,4.8,8.0
Disney's Mickey Face UT Graphic T-Shirt,UNISEX,24.9,5.0,1.0
Disney's Mickey Faces UT Graphic T-Shirt,MEN,24.9,,
MANGA curation UT Graphic T-Shirt | Berserk,UNISEX,19.9,4.9,45.0
MANGA curation UT Graphic T-Shirt | Berserk,UNISEX,19.9,4.8,50.0
MAGIC FOR ALL TIMELESS Plush Toy,UNISEX,29.9,,
MAGIC FOR ALL TIMELESS UT Graphic T-Shirt,MEN,14.9,3.5,2.0
MAGIC FOR ALL TIMELESS UT Graphic T-Shirt,MEN,14.9,,
MAGIC FOR ALL TIMELESS UT Graphic T-Shirt,MEN,14.9,5.0,5.0
MAGIC FOR ALL TIMELESS UT Graphic T-Shirt,UNISEX,5.9,5.0,17.0
MAGIC FOR ALL TIMELESS UT Graphic T-Shirt,MEN,14.9,5.0,4.0
MAGIC FOR ALL TIMELESS UT Graphic T-Shirt,MEN,24.9,4.5,5.0
MAGIC FOR ALL TIMELESS UT Graphic T-Shirt,MEN,14.9,4.0,2.0
MAGIC FOR ALL TIMELESS UT Graphic T-Shirt,MEN,24.9,5.0,8.0
MAGIC FOR ALL TIMELESS UT Graphic T-Shirt,MEN,24.9,,
MAGIC FOR ALL TIMELESS UT Graphic T-Shirt | Mickey Mouse,UNISEX,24.9,,
MAGIC FOR ALL TIMELESS UT Graphic T-Shirt,MEN,24.9,,
MAGIC FOR ALL TIMELESS UT Graphic T-Shirt,MEN,24.9,,
MAGIC FOR ALL TIMELESS UT Graphic T-Shirt | Star Wars,UNISEX,24.9,,
MAGIC FOR ALL TIMELESS UT Graphic T-Shirt | Toy Story,UNISEX,24.9,,
NY POP ART UT Graphic T-Shirt | Keith Haring,UNISEX,9.9,5.0,13.0
NY POP ART UT Graphic T-Shirt | Keith Haring,UNISEX,24.9,4.7,17.0
NY POP ART UT Graphic T-Shirt | Jean-Michel Basquiat,UNISEX,24.9,4.8,11.0
NY POP ART UT Graphic T-Shirt | Keith Haring,UNISEX,24.9,5.0,12.0
NY POP ART UT Graphic T-Shirt | Andy Warhol,UNISEX,24.9,5.0,5.0
NY POP ART UT Graphic T-Shirt | Andy Warhol,UNISEX,24.9,5.0,2.0
NY POP ART UT Graphic T-Shirt | Keith Haring,UNISEX,24.9,5.0,2.0
NY POP ART UT Graphic T-Shirt | Keith Haring,UNISEX,24.9,4.2,5.0
NY POP ART UT Graphic T-Shirt | Jean-Michel Basquiat,UNISEX,24.9,5.0,6.0
NY POP ART UT Graphic T-Shirt | Andy Warhol,UNISEX,24.9,4.5,2.0
NY POP ART UT Graphic T-Shirt | Andy Warhol,UNISEX,24.9,4.6,15.0
NY POP ART UT Graphic T-Shirt | Jean-Michel Basquiat,UNISEX,24.9,5.0,4.0
Museum of Fine Arts Boston Ukiyo-e UT Graphic T-Shirt,UNISEX,24.9,4.9,22.0
Museum of Fine Arts Boston Ukiyo-e UT Graphic T-Shirt,UNISEX,24.9,4.9,13.0
Museum of Fine Arts Boston Ukiyo-e UT Graphic T-Shirt,UNISEX,24.9,4.8,5.0
Museum of Fine Arts Boston Ukiyo-e UT Graphic T-Shirt,UNISEX,24.9,5.0,2.0
Museum of Fine Arts Boston Ukiyo-e UT Graphic T-Shirt,UNISEX,24.9,5.0,2.0
Museum of Fine Arts Boston Ukiyo-e UT Graphic T-Shirt,UNISEX,24.9,5.0,14.0
Museum of Fine Arts Boston Ukiyo-e UT Graphic T-Shirt,UNISEX,24.9,4.8,7.0
Museum of Fine Arts Boston Ukiyo-e UT Graphic T-Shirt,UNISEX,24.9,4.8,9.0
PEANUTS UT Graphic T-Shirt,UNISEX,9.9,4.8,27.0
PEANUTS UT Graphic T-Shirt,UNISEX,9.9,4.5,12.0
PEANUTS UT Graphic T-Shirt,UNISEX,24.9,4.4,13.0
PEANUTS UT Graphic T-Shirt,UNISEX,24.9,4.7,14.0
PEANUTS UT Graphic T-Shirt,UNISEX,24.9,5.0,11.0
PEANUTS UT Graphic T-Shirt,UNISEX,24.9,2.5,2.0
PEANUTS UT Graphic T-Shirt,UNISEX,24.9,4.9,14.0
PEANUTS UT Graphic T-Shirt,UNISEX,24.9,5.0,2.0
PEANUTS UT Graphic T-Shirt,UNISEX,24.9,5.0,4.0
PEACE FOR ALL Graphic T-Shirt | MOOMIN,UNISEX,24.9,4.8,29.0
PEACE FOR ALL Graphic T-Shirt | Hakuju Kuiseko,UNISEX,24.9,4.9,22.0
PEACE FOR ALL Graphic T-Shirt | Takeshi Yoro,UNISEX,24.9,4.8,16.0
PEACE FOR ALL Graphic T-Shirt | Jason Polan,UNISEX,24.9,4.7,4.0
